local_model,round,epoch,internal_epoch,average_loss,accuracy,correct_data,total_data
NH,1,1,1,0.01543943490833044,48.83217500284835,4286,8777
DE,1,1,1,0.01565086655318737,44.08284023668639,2235,5070
SC,1,1,1,0.013574879616498947,55.53692795650203,12257,22070
GA,1,1,1,0.011651133187115192,66.96524911367257,39099,58387
UT,1,1,1,0.014048952609300613,54.75606662720893,6476,11827
IL,1,1,1,0.011213804595172405,69.50817391304348,49959,71875
ID,1,1,1,0.015267066657543182,53.057607090103396,1796,3385
MN,1,1,1,0.012958006002008915,59.959551860293416,18678,31151
CT,1,1,1,0.013774417340755463,57.97199317600228,16311,28136
RI,1,1,1,0.01512492448091507,47.368421052631575,3735,7885
AR,2,2,1,0.01485124509781599,50.81222056631892,6819,13420
OK,2,2,1,0.014165159314870834,53.495944949619066,8707,16276
IL,2,2,1,0.012020621448755264,67.67721739130434,48643,71875
HI,2,2,1,0.014876006171107292,50.363398069820086,4227,8393
RI,2,2,1,0.01509196124970913,47.6854787571338,3760,7885
KY,2,2,1,0.014018292538821697,54.425240691335105,9384,17242
ME,2,2,1,0.01486533135175705,53.39954163483576,2097,3927
WV,2,2,1,0.015531172044575214,46.78954524852697,3097,6619
ID,2,2,1,0.014948531053960323,53.23485967503693,1802,3385
DC,2,2,1,0.015446431934833527,46.872037914691944,1978,4220
WY,3,3,1,0.015802213922142982,44.48294243070362,1669,3752
SD,3,3,1,0.016027919948101044,45.338157528527695,1629,3593
IA,3,3,1,0.24549254775047302,0.0,0,5
OK,3,3,1,0.014201569370925426,53.25632833620054,8668,16276
MO,3,3,1,0.01319610420614481,59.597206546275395,16897,28352
HI,3,3,1,0.014725121669471264,49.9582985821518,4193,8393
NJ,3,3,1,0.012169687077403069,67.55231277533039,44163,65376
PA,3,3,1,0.011393643915653229,68.10307778769547,41201,60498
CT,3,3,1,0.013898275792598724,56.77068524310492,15973,28136
NY,3,3,1,0.009374333545565605,76.03669624424057,111228,146282
WV,4,4,1,0.015444093383848667,46.774437226167095,3096,6619
RI,4,4,1,0.014935755170881748,48.25618262523779,3805,7885
PA,4,4,1,0.011830480769276619,68.20225461998743,41261,60498
AR,4,4,1,0.014607258141040802,51.26676602086439,6880,13420
KY,4,4,1,0.013916762545704842,54.70363066929591,9432,17242
HI,4,4,1,0.014768010936677456,49.469796258787085,4152,8393
MI,4,4,1,0.011964678764343262,64.42864551819518,29815,46276
SD,4,4,1,0.016245970502495766,44.25271360979683,1590,3593
ID,4,4,1,0.015018410980701447,53.353028064992614,1806,3385
IL,4,4,1,0.011165852658450603,69.35234782608696,49847,71875
