model,epoch,average_loss,accuracy,correct_data,total_data
global,1,2.2925589876171744,12.901790679568457,1160,8991
global,2,2.2800447703495053,13.646980313646981,1227,8991
