model,epoch,average_loss,accuracy,correct_data,total_data
global,1,0.3556532005856452,99.95767186718373,233788,233887
global,2,0.3591324627439455,99.95767186718373,233788,233887
