model,epoch,average_loss,accuracy,correct_data,total_data
global,1,2.2993707861575223,10.922033144255366,982,8991
global,2,2.304046166697568,15.20409298187076,1367,8991
